INSERT INTO User VALUES (0,'DavidMota9584','David Mota','202cb962ac59075b964b07152d234b70');
INSERT INTO User VALUES (1,'EmanuelMoura763','Emanuel Moura','202cb962ac59075b964b07152d234b70');
INSERT INTO User VALUES (2,'SantiagoRosa5506','Santiago Rosa','202cb962ac59075b964b07152d234b70');
INSERT INTO User VALUES (3,'BrunoMelo6199','Bruno Melo','202cb962ac59075b964b07152d234b70');
INSERT INTO User VALUES (4,'GuilhermeCruz7539','Guilherme Cruz','202cb962ac59075b964b07152d234b70');
INSERT INTO User VALUES (5,'RafaelFerreira2144','Rafael Ferreira','202cb962ac59075b964b07152d234b70');
INSERT INTO User VALUES (6,'HelderGarcia4374','Helder Garcia','202cb962ac59075b964b07152d234b70');
INSERT INTO User VALUES (7,'MartimRamos9490','Martim Ramos','202cb962ac59075b964b07152d234b70');
INSERT INTO User VALUES (8,'LeonardoSoares8236','Leonardo Soares','202cb962ac59075b964b07152d234b70');
INSERT INTO User VALUES (9,'DavidCordeiro380','David Cordeiro','202cb962ac59075b964b07152d234b70');
INSERT INTO User VALUES (10,'VitoriaVasconcelos3182','Vitoria Vasconcelos','202cb962ac59075b964b07152d234b70');
INSERT INTO User VALUES (11,'LucasLima4820','Lucas Lima','202cb962ac59075b964b07152d234b70');
INSERT INTO User VALUES (12,'HugoSoares6891','Hugo Soares','202cb962ac59075b964b07152d234b70');
INSERT INTO User VALUES (13,'EduardoSousa3873','Eduardo Sousa','202cb962ac59075b964b07152d234b70');
INSERT INTO User VALUES (14,'SimaoTome2837','Simao Tome','202cb962ac59075b964b07152d234b70');
INSERT INTO User VALUES (15,'AliceAguiar5410','Alice Aguiar','202cb962ac59075b964b07152d234b70');
INSERT INTO User VALUES (16,'GuilhermeCampos433','Guilherme Campos','202cb962ac59075b964b07152d234b70');
INSERT INTO User VALUES (17,'SamuelCastro151','Samuel Castro','202cb962ac59075b964b07152d234b70');
INSERT INTO User VALUES (18,'FilomenaGomes1083','Filomena Gomes','202cb962ac59075b964b07152d234b70');
INSERT INTO User VALUES (19,'MariaCouto4553','Maria Couto','202cb962ac59075b964b07152d234b70');
INSERT INTO ShoppingList VALUES (0, 'Lista 0');
INSERT INTO UserList VALUES (0,7,0);
INSERT INTO UserList VALUES (1,13,0);
INSERT INTO UserList VALUES (2,11,0);
INSERT INTO UserList VALUES (3,2,0);
INSERT INTO ShoppingList VALUES (1, 'Lista 1');
INSERT INTO UserList VALUES (4,9,1);
INSERT INTO UserList VALUES (5,5,1);
INSERT INTO UserList VALUES (6,14,1);
INSERT INTO ShoppingList VALUES (2, 'Lista 2');
INSERT INTO UserList VALUES (7,9,2);
INSERT INTO UserList VALUES (8,17,2);
INSERT INTO ShoppingList VALUES (3, 'Lista 3');
INSERT INTO UserList VALUES (9,0,3);
INSERT INTO UserList VALUES (10,18,3);
INSERT INTO ShoppingList VALUES (4, 'Lista 4');
INSERT INTO UserList VALUES (11,17,4);
INSERT INTO UserList VALUES (12,14,4);
INSERT INTO UserList VALUES (13,8,4);
INSERT INTO UserList VALUES (14,19,4);
INSERT INTO ShoppingList VALUES (5, 'Lista 5');
INSERT INTO UserList VALUES (15,0,5);
INSERT INTO UserList VALUES (16,4,5);
INSERT INTO UserList VALUES (17,3,5);
INSERT INTO ShoppingList VALUES (6, 'Lista 6');
INSERT INTO UserList VALUES (18,4,6);
INSERT INTO ShoppingList VALUES (7, 'Lista 7');
INSERT INTO UserList VALUES (19,12,7);
INSERT INTO ShoppingList VALUES (8, 'Lista 8');
INSERT INTO UserList VALUES (20,4,8);
INSERT INTO UserList VALUES (21,18,8);
INSERT INTO ShoppingList VALUES (9, 'Lista 9');
INSERT INTO UserList VALUES (22,7,9);
INSERT INTO UserList VALUES (23,18,9);
INSERT INTO UserList VALUES (24,13,9);
INSERT INTO ShoppingList VALUES (10, 'Lista 10');
INSERT INTO UserList VALUES (25,9,10);
INSERT INTO UserList VALUES (26,10,10);
INSERT INTO UserList VALUES (27,15,10);
INSERT INTO ShoppingList VALUES (11, 'Lista 11');
INSERT INTO UserList VALUES (28,12,11);
INSERT INTO UserList VALUES (29,7,11);
INSERT INTO UserList VALUES (30,18,11);
INSERT INTO UserList VALUES (31,3,11);
INSERT INTO ShoppingList VALUES (12, 'Lista 12');
INSERT INTO UserList VALUES (32,4,12);
INSERT INTO UserList VALUES (33,15,12);
INSERT INTO UserList VALUES (34,5,12);
INSERT INTO ShoppingList VALUES (13, 'Lista 13');
INSERT INTO UserList VALUES (35,16,13);
INSERT INTO ShoppingList VALUES (14, 'Lista 14');
INSERT INTO UserList VALUES (36,11,14);
INSERT INTO UserList VALUES (37,3,14);
INSERT INTO UserList VALUES (38,17,14);
INSERT INTO ShoppingList VALUES (15, 'Lista 15');
INSERT INTO UserList VALUES (39,2,15);
INSERT INTO UserList VALUES (40,18,15);
INSERT INTO ShoppingList VALUES (16, 'Lista 16');
INSERT INTO UserList VALUES (41,10,16);
INSERT INTO UserList VALUES (42,11,16);
INSERT INTO ShoppingList VALUES (17, 'Lista 17');
INSERT INTO UserList VALUES (43,2,17);
INSERT INTO UserList VALUES (44,12,17);
INSERT INTO UserList VALUES (45,18,17);
INSERT INTO ShoppingList VALUES (18, 'Lista 18');
INSERT INTO UserList VALUES (46,9,18);
INSERT INTO UserList VALUES (47,5,18);
INSERT INTO UserList VALUES (48,7,18);
INSERT INTO UserList VALUES (49,18,18);
INSERT INTO ShoppingList VALUES (19, 'Lista 19');
INSERT INTO UserList VALUES (50,9,19);
INSERT INTO UserList VALUES (51,5,19);
INSERT INTO UserList VALUES (52,18,19);
INSERT INTO UserList VALUES (53,10,19);
INSERT INTO ShoppingList VALUES (20, 'Lista 20');
INSERT INTO UserList VALUES (54,0,20);
INSERT INTO UserList VALUES (55,8,20);
INSERT INTO UserList VALUES (56,4,20);
INSERT INTO ShoppingList VALUES (21, 'Lista 21');
INSERT INTO UserList VALUES (57,14,21);
INSERT INTO UserList VALUES (58,4,21);
INSERT INTO ShoppingList VALUES (22, 'Lista 22');
INSERT INTO UserList VALUES (59,6,22);
INSERT INTO UserList VALUES (60,3,22);
INSERT INTO UserList VALUES (61,13,22);
INSERT INTO ShoppingList VALUES (23, 'Lista 23');
INSERT INTO UserList VALUES (62,6,23);
INSERT INTO UserList VALUES (63,19,23);
INSERT INTO UserList VALUES (64,16,23);
INSERT INTO ShoppingList VALUES (24, 'Lista 24');
INSERT INTO UserList VALUES (65,0,24);
INSERT INTO Item (idItem,itemName,amountNeeded,idList) VALUES (0,'Batata',4,0);
INSERT INTO Item (idItem,itemName,amountNeeded,idList) Values (1,'Velas',1,0);
INSERT INTO Item (idItem,itemName,amountNeeded,idList) Values (2,'Sabao em po',2,1);
INSERT INTO Item (idItem,itemName,amountNeeded,idList) Values (3,'Brinquedos',0,1);
INSERT INTO Item (idItem,itemName,amountNeeded,idList) Values (4,'Papel toalha',1,2);
INSERT INTO Item (idItem,itemName,amountNeeded,idList) Values (5,'Plantas',2,2);
INSERT INTO Item (idItem,itemName,amountNeeded,idList) Values (6,'Frango',2,2);
INSERT INTO Item (idItem,itemName,amountNeeded,idList) Values (7,'Condicionador',1,2);
INSERT INTO Item (idItem,itemName,amountNeeded,idList) Values (8,'Massa',0,3);
INSERT INTO Item (idItem,itemName,amountNeeded,idList) Values (9,'Frango',0,3);
INSERT INTO Item (idItem,itemName,amountNeeded,idList) Values (10,'Pilhas',2,3);
INSERT INTO Item (idItem,itemName,amountNeeded,idList) Values (11,'Pasta de dentes',3,3);
INSERT INTO Item (idItem,itemName,amountNeeded,idList) Values (12,'Fosforos',0,4);
INSERT INTO Item (idItem,itemName,amountNeeded,idList) Values (13,'Mostarda',4,4);
INSERT INTO Item (idItem,itemName,amountNeeded,idList) Values (14,'Copos descartaveis',0,4);
INSERT INTO Item (idItem,itemName,amountNeeded,idList) Values (15,'Ketchup',4,5);
INSERT INTO Item (idItem,itemName,amountNeeded,idList) Values (16,'Talheres descartaveis',2,5);
INSERT INTO Item (idItem,itemName,amountNeeded,idList) Values (17,'Feijao',3,6);
INSERT INTO Item (idItem,itemName,amountNeeded,idList) Values (18,'Papel toalha',3,6);
INSERT INTO Item (idItem,itemName,amountNeeded,idList) Values (19,'Xampu para animais',2,6);
INSERT INTO Item (idItem,itemName,amountNeeded,idList) Values (20,'Cerveja',1,6);
INSERT INTO Item (idItem,itemName,amountNeeded,idList) Values (21,'Suco',2,6);
INSERT INTO Item (idItem,itemName,amountNeeded,idList) Values (22,'Tomate',4,7);
INSERT INTO Item (idItem,itemName,amountNeeded,idList) Values (23,'Azeite',0,7);
INSERT INTO Item (idItem,itemName,amountNeeded,idList) Values (24,'Vinagre',0,8);
INSERT INTO Item (idItem,itemName,amountNeeded,idList) Values (25,'Cereal',0,8);
INSERT INTO Item (idItem,itemName,amountNeeded,idList) Values (26,'Sacolas reutilizaveis',1,8);
INSERT INTO Item (idItem,itemName,amountNeeded,idList) Values (27,'Pasta de dentes',0,8);
INSERT INTO Item (idItem,itemName,amountNeeded,idList) Values (28,'Medicamentos',4,9);
INSERT INTO Item (idItem,itemName,amountNeeded,idList) Values (29,'Curativos',3,10);
INSERT INTO Item (idItem,itemName,amountNeeded,idList) Values (30,'Frango',0,10);
INSERT INTO Item (idItem,itemName,amountNeeded,idList) Values (31,'Areia para gato',2,10);
INSERT INTO Item (idItem,itemName,amountNeeded,idList) Values (32,'Maca',1,10);
INSERT INTO Item (idItem,itemName,amountNeeded,idList) Values (33,'Batata',3,10);
INSERT INTO Item (idItem,itemName,amountNeeded,idList) Values (34,'Fermento',4,11);
INSERT INTO Item (idItem,itemName,amountNeeded,idList) Values (35,'Chocolate',1,11);
INSERT INTO Item (idItem,itemName,amountNeeded,idList) Values (36,'Cebola',0,11);
INSERT INTO Item (idItem,itemName,amountNeeded,idList) Values (37,'Cafe',2,12);
INSERT INTO Item (idItem,itemName,amountNeeded,idList) Values (38,'Acucar',2,12);
INSERT INTO Item (idItem,itemName,amountNeeded,idList) Values (39,'Sal',2,12);
INSERT INTO Item (idItem,itemName,amountNeeded,idList) Values (40,'Ovos',1,13);
INSERT INTO Item (idItem,itemName,amountNeeded,idList) Values (41,'Sal',4,13);
INSERT INTO Item (idItem,itemName,amountNeeded,idList) Values (42,'Sacolas reutilizaveis',0,13);
INSERT INTO Item (idItem,itemName,amountNeeded,idList) Values (43,'Pratos descartaveis',1,13);
INSERT INTO Item (idItem,itemName,amountNeeded,idList) Values (44,'Peixe',0,13);
INSERT INTO Item (idItem,itemName,amountNeeded,idList) Values (45,'Batata',2,14);
INSERT INTO Item (idItem,itemName,amountNeeded,idList) Values (46,'Areia para gato',4,14);
INSERT INTO Item (idItem,itemName,amountNeeded,idList) Values (47,'Flores',1,14);
INSERT INTO Item (idItem,itemName,amountNeeded,idList) Values (48,'Pessego',1,14);
INSERT INTO Item (idItem,itemName,amountNeeded,idList) Values (49,'Feijao',1,15);
INSERT INTO Item (idItem,itemName,amountNeeded,idList) Values (50,'Massa',4,15);
INSERT INTO Item (idItem,itemName,amountNeeded,idList) Values (51,'Shampoo',1,15);
INSERT INTO Item (idItem,itemName,amountNeeded,idList) Values (52,'Pasta de dentes',1,16);
INSERT INTO Item (idItem,itemName,amountNeeded,idList) Values (53,'Cereal',3,16);
INSERT INTO Item (idItem,itemName,amountNeeded,idList) Values (54,'Acucar',4,16);
INSERT INTO Item (idItem,itemName,amountNeeded,idList) Values (55,'Petiscos',3,16);
INSERT INTO Item (idItem,itemName,amountNeeded,idList) Values (56,'Feijao',1,17);
INSERT INTO Item (idItem,itemName,amountNeeded,idList) Values (57,'Frango',3,17);
INSERT INTO Item (idItem,itemName,amountNeeded,idList) Values (58,'Esponja',2,17);
INSERT INTO Item (idItem,itemName,amountNeeded,idList) Values (59,'Filme plastico',0,18);
INSERT INTO Item (idItem,itemName,amountNeeded,idList) Values (60,'Xampu para animais',2,18);
INSERT INTO Item (idItem,itemName,amountNeeded,idList) Values (61,'Brinquedos',4,19);
INSERT INTO Item (idItem,itemName,amountNeeded,idList) Values (62,'Alho',4,19);
INSERT INTO Item (idItem,itemName,amountNeeded,idList) Values (63,'Almofadas',3,20);
INSERT INTO Item (idItem,itemName,amountNeeded,idList) Values (64,'Curativos',4,20);
INSERT INTO Item (idItem,itemName,amountNeeded,idList) Values (65,'Acucar',3,20);
INSERT INTO Item (idItem,itemName,amountNeeded,idList) Values (66,'Louro',0,21);
INSERT INTO Item (idItem,itemName,amountNeeded,idList) Values (67,'Fio dental',3,21);
INSERT INTO Item (idItem,itemName,amountNeeded,idList) Values (68,'Maca',1,22);
INSERT INTO Item (idItem,itemName,amountNeeded,idList) Values (69,'Massa',1,22);
INSERT INTO Item (idItem,itemName,amountNeeded,idList) Values (70,'Oregaos',4,22);
INSERT INTO Item (idItem,itemName,amountNeeded,idList) Values (71,'Refrigerante',0,23);
INSERT INTO Item (idItem,itemName,amountNeeded,idList) Values (72,'Sal',0,23);
INSERT INTO Item (idItem,itemName,amountNeeded,idList) Values (73,'Aluminio',0,24);
